class,term,week,subject,topic,agegroup,context,generated
Jss 2,Summer Term,3,Yoruba Language,"Ewi Alohun Arangbo - Oriki ati Ese Ifa",11-12,"Understanding full-length traditional poetry (arangbo kikun) including praise poetry (oriki) and Ifa divination verses (ese ifa), their structure and cultural significance",false
Jss 2,Summer Term,4,Yoruba Language,"Ewi Alohun Arangbo - Owe, Alo Apamo, Aro",11-12,"Learning shorter traditional poetry forms (arangbo kekeke): proverbs (owe), riddles (alo apamo), and curses (aro), understanding their usage in Yoruba communication",false
Jss 2,Summer Term,5,Yoruba Language,"Esin Ibile - Olodumare ati Orisa",11-12,"Understanding the importance of religion in Yoruba society, the supreme position of Olodumare (God), and various Yoruba deities (orisa) in traditional religion",false
Jss 2,Summer Term,6,Yoruba Language,"Esin Ibile - Esin Ode Oni",11-12,"Exploring the relationship between traditional Yoruba religion (esin ibile), Islam (Musulumi), and Christianity (Omoleyin Jesu), understanding religious tolerance and coexistence",false
Jss 2,Summer Term,7,Yoruba Language,"Ogun ati Alaafia",11-12,"Understanding traditional Yoruba warfare including famous wars (ogun yoruba atijo), warriors (jagunjagun), weapons used, benefits and dangers of war, and ways to promote peace (alaafia)",false
Jss 2,Summer Term,8,Yoruba Language,"Isomoloruko - Eto ati Orisiirisi Oruko",11-12,"Learning about Yoruba naming ceremony (isomoloruko), the procedure, materials used (ireke, oyin, ataare), and types of names: abiso, amutorunwa, oriki, abiku, inagije, idile",false
Jss 2,Summer Term,9,Yoruba Language,"Iranra-eni-lowo - Esusu, Ajo, Owe",11-12,"Understanding traditional Yoruba cooperative systems of mutual assistance including esusu (rotating savings), ajo (contribution groups), owe (cooperative farming), aaro (communal labor), and arokodoko",false
Jss 2,Summer Term,10,Yoruba Language,"Egbe Alafowosowopo Ode Oni",11-12,"Exploring modern cooperative societies and how traditional mutual assistance systems have evolved, understanding the role of cooperation in economic development and community building",false
Jss 3,Noel Term,1,Business Studies,"Office Procedure: Meaning and Importance",12-13,"Understanding what office procedures are and why they are important for smooth business operations",false
Jss 3,Noel Term,2,Business Studies,"Preparing Bills, Invoices and Receipts",12-13,"Learning procedures for preparing business documents: bills for services, invoices for goods sold, and receipts for payments",false
Jss 3,Noel Term,3,Business Studies,"Payment Methods in Business",12-13,"Understanding different payment procedures: cash, bank transfer, cheque, bank draft, and e-payment systems",false
Jss 3,Noel Term,4,Business Studies,"Imprest Account and Petty Cash Management",12-13,"Learning to keep imprest account, balance petty cash, and restore imprest for small office expenses",false
Jss 3,Noel Term,5,Business Studies,"Store Records and Store Procurement",12-13,"Understanding store records, using store requisition forms, and procedures for procurement of store items",false
Jss 3,Noel Term,6,Business Studies,"Stock Taking and Store Documentation",12-13,"Learning importance of stock taking, preparing delivery notes and gate passes for goods movement",false
Jss 3,Noel Term,7,Business Studies,"Office Equipment: Types and Uses",12-13,"Identifying office equipment like computers, photocopiers, filing cabinets, staplers, fax machines, and their uses",false
Jss 3,Noel Term,8,Business Studies,"Care and Maintenance of Office Equipment",12-13,"Learning proper ways to care for and maintain office equipment to ensure longevity and efficiency",false
Jss 3,Noel Term,9,Business Studies,"Advertising: Meaning, Types and Functions",12-13,"Understanding advertising, types (informative, persuasive), and its functions in promoting products and services",false
Jss 3,Noel Term,10,Business Studies,"Advertising Media",12-13,"Exploring various advertising media: radio, television, newspaper, handbills, magazines, internet, and billboards",false
Jss 3,Calvary Term,1,Business Studies,"Transportation: Types and Importance",12-13,"Understanding transportation types (road, air, rail, water, pipeline) and importance in commerce and business",false
Jss 3,Calvary Term,2,Business Studies,"Advantages and Disadvantages of Transportation Types",12-13,"Comparing pros and cons of different transportation modes for moving goods and people in business",false
Jss 3,Calvary Term,3,Business Studies,"Communication in Business",12-13,"Understanding communication meaning, means (post, telephone, internet, courier), and importance in business operations",false
Jss 3,Calvary Term,4,Business Studies,"Communication Agencies and Services",12-13,"Learning about NIPOST, telephone services, internet, courier services, and their roles in business communication",false
Jss 3,Calvary Term,5,Business Studies,"Setting Simple Business Goals",12-13,"Understanding SWOT analysis: identifying strengths, weaknesses, opportunities, and threats for business planning",false
Jss 3,Calvary Term,6,Business Studies,"Simple Single Business Plan",12-13,"Learning procedures for drawing up a simple business plan for starting and running a small business",false
Jss 3,Calvary Term,7,Business Studies,"Consumer Protection Agencies",12-13,"Understanding CPC, NCC, SON, NERC, NAFDAC and their roles in protecting consumer rights in Nigeria",false
Jss 3,Calvary Term,8,Business Studies,"Making Consumer Complaints",12-13,"Learning to distinguish justified and unjustified complaints, steps in lodging complaints, and writing complaint letters",false
Jss 3,Calvary Term,9,Business Studies,"Banning and Restricting Harmful Chemicals",12-13,"Understanding reasons and procedures for banning and restricting chemicals not suitable for consumer use",false
Jss 3,Calvary Term,10,Business Studies,"Consumer Redress and Seeking Resolution",12-13,"Learning ways of seeking redress for consumer complaints through negotiation, mediation, and conciliation",false
Jss 3,Summer Term,1,Business Studies,"Personal Finance and Budgeting",12-13,"Understanding personal finance, sources of individual income, and preparing simple personal budgets",false
Jss 3,Summer Term,2,Business Studies,"Modesty and Living Within Means",12-13,"Learning attributes of modesty: simplicity, contentment, living within means; avoiding extravagance and corrupt practices",false
Jss 3,Summer Term,3,Business Studies,"Consumption, Choice and Scale of Preference",12-13,"Understanding how to prioritize needs and wants, make consumption choices using scale of preference",false
Jss 3,Summer Term,4,Business Studies,"Trial Balance: Meaning and Formation",12-13,"Understanding trial balance, extracting balances from ledgers, and identifying profit/loss and balance sheet items",false
Jss 3,Summer Term,5,Business Studies,"Trading Account and Cost of Goods Sold",12-13,"Learning to calculate cost of goods sold, net sales, and gross profit using trading account",false
Jss 3,Summer Term,6,Business Studies,"Profit and Loss Account",12-13,"Understanding purpose of profit and loss account, calculating net profit or loss, and rules for construction",false
Jss 3,Summer Term,7,Business Studies,"Balance Sheet: Assets, Liabilities and Capital",12-13,"Learning meaning of balance sheet, classifying items as fixed/current assets, liabilities, and capital",false
Jss 3,Summer Term,8,Business Studies,"Preparing Balance Sheet",12-13,"Practicing preparation of balance sheet from trial balance in vertical and horizontal formats",false
Jss 3,Summer Term,9,Business Studies,"Business Letters: Layout and Typing",12-13,"Learning parts of business letters (heading, opening, body, closing) and typing in block and indented styles",false
Jss 3,Summer Term,10,Business Studies,"Simple Tabulation and Table Creation",12-13,"Creating tables using Microsoft Word, keyboarding items into tables, and printing assignments",false
Jss 3,Noel Term,1,Christian Religious Studies,"The Promise of the Holy Spirit",12-13,"Jesus' promise to send the Holy Spirit to His disciples as recorded in John 14 and 16:5-16, and Acts 1:3-8, explaining the role and importance of the Comforter",false
Jss 3,Noel Term,2,Christian Religious Studies,"The Coming of the Holy Spirit at Pentecost",12-13,"The fulfillment of Jesus' promise on the day of Pentecost with visible and audible signs including tongues of fire, mighty wind, and speaking in different languages as recorded in Acts 2:1-13",false
Jss 3,Noel Term,3,Christian Religious Studies,"Peter's First Speech and Its Effects",12-13,"Peter's powerful sermon on the day of Pentecost explaining the events, calling for repentance, and the conversion of about 3,000 people as recorded in Acts 2:14-41",false
Jss 3,Noel Term,4,Christian Religious Studies,"Fellowship in the Early Church",12-13,"The togetherness, sharing, worship, and communal life of early believers as they devoted themselves to apostles' teaching, fellowship, breaking of bread, and prayer (Acts 2:41-47)",false
Jss 3,Noel Term,5,Christian Religious Studies,"Dealing with Fraud and Dishonesty in the Church",12-13,"The story of Ananias and Sapphira who lied to the Holy Spirit about their offering, demonstrating God's judgment against fraud and the importance of honesty (Acts 5:1-11)",false
Jss 3,Noel Term,6,Christian Religious Studies,"Murmuring and the Selection of Deacons",12-13,"How the early church resolved complaints about unfair distribution to widows by selecting seven deacons with good qualities to serve, ensuring equitable treatment (Acts 6:1-7)",false
Jss 3,Noel Term,7,Christian Religious Studies,"Persecution of the Early Believers - Peter and John",12-13,"The arrest of Peter and John by religious authorities for preaching about Jesus and performing miracles, and their bold testimony before the council (Acts 4:1-31)",false
Jss 3,Noel Term,8,Christian Religious Studies,"The Martyrdom of Stephen",12-13,"Stephen's arrest, his powerful defense speech about the temple and the law, his vision of Jesus, and his death as the first Christian martyr (Acts 6:8-7:60)",false
Jss 3,Noel Term,9,Christian Religious Studies,"Saul's Persecution of the Church",12-13,"Saul's (later Paul) aggressive persecution of Christians, including his role in Stephen's death and his efforts to destroy the church by imprisoning believers (Acts 8:1-3; 9:1ff)",false
Jss 3,Noel Term,10,Christian Religious Studies,"The Martyrdom of James",12-13,"The persecution of the church under King Herod, including the execution of James the brother of John, and the arrest of Peter (Acts 12:1-3)",false
Jss 3,Calvary Term,1,Christian Religious Studies,"Peter and Simon the Magician",12-13,"Peter's encounter with Simon the magician in Samaria who tried to buy the power of the Holy Spirit with money, and Peter's rebuke against simony (Acts 8:14-25)",false
Jss 3,Calvary Term,2,Christian Religious Studies,"Peter's Healing Miracles - Raising of Dorcas",12-13,"The miraculous raising of Dorcas (Tabitha) from the dead by Peter in Joppa, demonstrating God's power and strengthening faith in the community (Acts 9:36-42)",false
Jss 3,Calvary Term,3,Christian Religious Studies,"Peter's Conversion of Cornelius",12-13,"Peter's vision about clean and unclean animals, his visit to Cornelius the centurion, and the significance of Gentiles receiving the Holy Spirit and being accepted into the church (Acts 10:1-48)",false
Jss 3,Calvary Term,4,Christian Religious Studies,"Peter's Miraculous Release from Prison",12-13,"How Peter was miraculously freed from prison by an angel while the church prayed for him, demonstrating God's power to deliver His servants (Acts 12:1-24)",false
Jss 3,Calvary Term,5,Christian Religious Studies,"Paul's Nativity, Education and Early Life",12-13,"Paul's background as Saul of Tarsus, a Jew from the tribe of Benjamin, his education under Gamaliel, and his initial career as a Pharisee (Acts 22:1-5, 26-30)",false
Jss 3,Calvary Term,6,Christian Religious Studies,"Paul's Conversion on the Road to Damascus",12-13,"The dramatic conversion of Saul when he encountered Jesus on the way to Damascus, his temporary blindness, and Ananias' role in his healing and baptism (Acts 9:1-19)",false
Jss 3,Calvary Term,7,Christian Religious Studies,"Christian Attitudes Towards Persecutors",12-13,"Biblical teachings on how Christians should respond to persecution including praying for enemies (Matthew 5:43-48), enduring suffering (John 15:18-25), and wise relocation when necessary (Matthew 10:16-26)",false
Jss 3,Calvary Term,8,Christian Religious Studies,"The Beginning of the Church in Antioch",12-13,"How the church was established in Antioch of Syria after persecution scattered believers, and how it became the base for missionary work (Acts 11:19-30)",false
Jss 3,Calvary Term,9,Christian Religious Studies,"Paul's First Missionary Journey - Part 1",12-13,"The sending forth of Barnabas and Paul as missionaries by the Holy Spirit, and their visits to Salamis, Paphos, Perga, and Antioch in Pisidia (Acts 13:1-3)",false
Jss 3,Calvary Term,10,Christian Religious Studies,"Paul's First Missionary Journey - Part 2",12-13,"Continuation of the first missionary journey covering visits to Iconium, Lystra, and Derbe, including challenges faced and conversions made during the journey",false
Jss 3,Summer Term,1,Christian Religious Studies,"The Jerusalem Council",12-13,"The convening of the first church council in Jerusalem to resolve the conflict about whether Gentile converts needed to follow Jewish law, and the decision reached (Acts 15:1-35)",false
Jss 3,Summer Term,2,Christian Religious Studies,"Conflict Resolution in the Church",12-13,"Learning from the Jerusalem Council about proper ways to resolve conflicts through dialogue and peaceful discussion, versus wrong methods like fighting, vengeance, and violence",false
Jss 3,Summer Term,3,Christian Religious Studies,"Paul's Second Missionary Journey",12-13,"Paul's second missionary journey with Silas, visiting churches to strengthen them, the Macedonian call, and establishing churches in Philippi, Thessalonica, and Corinth",false
Jss 3,Summer Term,4,Christian Religious Studies,"Paul's Third Missionary Journey",12-13,"Paul's third missionary journey focusing on strengthening existing churches, his extended ministry in Ephesus, and his determination to go to Jerusalem despite warnings",false
Jss 3,Summer Term,5,Christian Religious Studies,"Christian Organizations and Unity",12-13,"Understanding Christian organizations like World Council of Churches (WCC), Christian Association of Nigeria (CAN), and how they promote unity among different denominations",false
Jss 3,Summer Term,6,Christian Religious Studies,"Biblical Teachings on Christian Unity",12-13,"Studying biblical principles that foster unity including faith and works (James 1:22-27), humility (Philippians 2:3-11), impartiality (James 2:1-13), and forgiveness (Galatians 6:1-2)",false
Jss 3,Summer Term,7,Christian Religious Studies,"Christian Giving and Assistance",12-13,"Understanding the importance of Christians helping one another in times of need, and the biblical basis for generous giving as taught in Philippians 4:14-19",false
Jss 3,Summer Term,8,Christian Religious Studies,"Christian Living in the Community",12-13,"How Christians should live as salt and light in their communities (Matthew 5:13-16), being good examples and witnesses to non-believers (1 Peter 2:9-18)",false
Jss 3,Summer Term,9,Christian Religious Studies,"Christian Attitudes to Persecution Today",12-13,"Learning how to respond to persecution with faith and courage, maintaining Christian witness even in difficult circumstances (Matthew 5:11-12; 1 Peter 3:13-17)",false
Jss 3,Summer Term,10,Christian Religious Studies,"Interdenominational Cooperation and Service",12-13,"Practical ways Christians from different denominations can work together in service, evangelism, and community development while maintaining their distinct identities",false
Jss 3,Noel Term,1,English Language,"Reading for Critical Evaluation",12-13,"Understanding critical reading; identifying facts, opinions, and making deductions from passages on road safety and consumer rights",false
Jss 3,Noel Term,2,English Language,"Distinguishing Facts from Opinions",12-13,"Learning to differentiate between factual statements and personal opinions in texts; critical thinking skills",false
Jss 3,Noel Term,3,English Language,"Reading for Speed: Techniques",12-13,"Learning surveying/scanning for main points and skimming for specific information to read quickly and efficiently",false
Jss 3,Noel Term,4,English Language,"Importance and Practice of Speed Reading",12-13,"Understanding benefits of fast reading; practicing scanning, skimming, and normal-rate reading with various materials",false
Jss 3,Noel Term,5,English Language,"Reading for Summary: Topic Sentences",12-13,"Identifying topic sentences from paragraphs on road traffic management, food labels, and safe food storage",false
Jss 3,Noel Term,6,English Language,"Identifying Key Ideas and Main Points",12-13,"Learning to identify key ideas from paragraphs and use words/expressions that redirect attention to main points",false
Jss 3,Noel Term,7,English Language,"Types and Elements of Composition",12-13,"Understanding narrative, descriptive, argumentative, expository compositions; learning introduction, body, conclusion structure",false
Jss 3,Noel Term,8,English Language,"Writing Composition on Motor Vehicle Care",12-13,"Arranging ideas logically; writing composition on motor vehicle parts needing regular care like radiator, brakes, engine",false
Jss 3,Noel Term,9,English Language,"Formal and Informal Letter Writing",12-13,"Learning formats: formal letters (two addresses, salutation, heading) and informal letters (one address, personal tone)",false
Jss 3,Noel Term,10,English Language,"Summary Writing Essentials",12-13,"Identifying topic sentences, key ideas from passages; summarizing paragraphs on road monitoring devices",false
Jss 3,Calvary Term,1,English Language,"Speeches: Long and Short Vowels",12-13,"Identifying and producing speeches with long vowels /i:/ (bee, heat) and short vowels /i/ (bit, hit) in context",false
Jss 3,Calvary Term,2,English Language,"Consonants and Consonant Clusters",12-13,"Learning consonant sounds and consonant clusters in words like respect, principle, tactile, struggle, mathematics",false
Jss 3,Calvary Term,3,English Language,"Diphthongs in English",12-13,"Learning diphthongs: /ei/ (rail, date), /ou/ (road, boat), /ai/ (child, might), /au/ (stout, drought) with practice",false
Jss 3,Calvary Term,4,English Language,"Intonation Patterns",12-13,"Identifying and using correct intonation patterns for statements, questions, and commands in speeches on human rights, peace education",false
Jss 3,Calvary Term,5,English Language,"Stress and Rhythm in Speech",12-13,"Learning appropriate stress and rhythm; identifying pauses in utterances and rhythm in poems on value re-orientation, drug abuse",false
Jss 3,Calvary Term,6,English Language,"Adverbials: Types and Usage",12-13,"Understanding adverbials of frequency (often, always), cause (because), purpose (so that), condition (unless, if), manner, contrast",false
Jss 3,Calvary Term,7,English Language,"Tenses: Present, Past and Future",12-13,"Identifying and using present, past, and future tenses in passages on peace education, computer literacy, youth discipline",false
Jss 3,Calvary Term,8,English Language,"Adverbs, Conjunctions and Prepositions",12-13,"Identifying and explaining functions of adverbs, conjunctions, and prepositions in passages on family size, drug adulteration, corruption",false
Jss 3,Calvary Term,9,English Language,"Active and Passive Verbs",12-13,"Understanding active and passive voice; making sentences with active and passive verbs from passages on pre-marital sex, peer pressure",false
Jss 3,Calvary Term,10,English Language,"Modal Forms: Direct and Indirect",12-13,"Learning modals (will, can, would, may, might); converting direct speech to indirect speech using modals on patriotism, discipline",false
Jss 3,Summer Term,1,English Language,"Non-African Folktales: Features",12-13,"Understanding features of non-African folktales: didactic, entertaining, archaic; retelling folktales and identifying themes",false
Jss 3,Summer Term,2,English Language,"Moral Lessons from Folktales",12-13,"Identifying and discussing moral lessons learnt from non-African folktales; narrating folktales with proper expression",false
Jss 3,Summer Term,3,English Language,"African and Non-African Myths",12-13,"Retelling and explaining themes of myths from African and non-African cultures; understanding cultural narratives",false
Jss 3,Summer Term,4,English Language,"Legends and Their Moral Lessons",12-13,"Learning about legends, their themes, and moral lessons; differentiating between myths and legends from various cultures",false
Jss 3,Summer Term,5,English Language,"Types of Prose: Narrative and Descriptive",12-13,"Understanding narrative and descriptive prose; identifying features like plot, character, style, setting, and theme",false
Jss 3,Summer Term,6,English Language,"Features and Writing of Prose",12-13,"Analyzing short stories; writing own stories using narrative and descriptive prose styles with clear moral lessons",false
Jss 3,Summer Term,7,English Language,"Poetry: Types and Language",12-13,"Learning poetry types (dirge, epic, lyric, dramatic); understanding poetic language as concise, unique, and elevated",false
Jss 3,Summer Term,8,English Language,"Reading and Writing Poetry",12-13,"Reading selected poems with appropriate rhythm; explaining meanings; writing simple poems using poetic devices",false
Jss 3,Summer Term,9,English Language,"Drama: Theme and Features",12-13,"Understanding drama elements: theme, features, costumes, props, performance, audience, director, setting, characterization, language",false
Jss 3,Summer Term,10,English Language,"Dramatizing and Writing Plays",12-13,"Reading and acting plays; identifying props and costumes; writing and performing original plays with proper dramatic elements",false
Jss 3,Noel Term,1,General Mathematics,"Binary Number System: Operations and Conversions",12-13,"Understanding binary system operations (addition, subtraction, multiplication, division) and converting between binary and other number bases",false
Jss 3,Noel Term,2,General Mathematics,"Using Computers for Mathematical Calculations",12-13,"Learning to use computer systems to perform simple mathematical calculations and solve numerical problems",false
Jss 3,Noel Term,3,General Mathematics,"Translating Word Problems into Numerical Expressions",12-13,"Converting word problems into mathematical expressions and equations; solving expressions with brackets and fractions",false
Jss 3,Noel Term,4,General Mathematics,"Direct and Inverse Proportion",12-13,"Understanding direct proportion (y ∝ x) and inverse proportion (y ∝ 1/x); solving proportion problems",false
Jss 3,Noel Term,5,General Mathematics,"Applications of Direct and Inverse Proportion",12-13,"Applying proportions to practical problems involving speed, productivity, consumption, and reciprocals in real life",false
Jss 3,Noel Term,6,General Mathematics,"Compound Interest",12-13,"Understanding compound interest formula; calculating compound interest on loans, mortgages, fixed deposits, and pensions",false
Jss 3,Noel Term,7,General Mathematics,"Rational and Non-Rational Numbers",12-13,"Identifying rational numbers (fractions, terminating/repeating decimals) and irrational numbers (π, √2); determining value of pi practically",false
Jss 3,Noel Term,8,General Mathematics,"Addition and Subtraction in Base 2",12-13,"Performing addition of two or three 3-digit binary numbers and subtraction of two 3-digit binary numbers",false
Jss 3,Noel Term,9,General Mathematics,"Multiplication in Base 2",12-13,"Carrying out multiplication of two 2-digit binary numbers using binary multiplication rules and procedures",false
Jss 3,Noel Term,10,General Mathematics,"Division in Base 2",12-13,"Performing division of two to 3-digit binary numbers; understanding binary division process and remainders",false
Jss 3,Calvary Term,1,General Mathematics,"Factorization of Algebraic Expressions",12-13,"Factorizing expressions: ax + ay, 3m + pq + 3p + mp, a² - b², a² - 2ab + b² using various methods",false
Jss 3,Calvary Term,2,General Mathematics,"Factorization Using Quadratic Equation Box",12-13,"Using quadratic equation box to factorize quadratic expressions; solving word problems involving factorization",false
Jss 3,Calvary Term,3,General Mathematics,"Simple Equations Involving Fractions",12-13,"Solving simple linear equations with fractions; translating word problems into equations with fractions and solving them",false
Jss 3,Calvary Term,4,General Mathematics,"Simultaneous Linear Equations: Graphical Method",12-13,"Compiling table of values, plotting graphs, and solving simultaneous equations by finding intersection points graphically",false
Jss 3,Calvary Term,5,General Mathematics,"Simultaneous Equations: Elimination Method",12-13,"Solving simultaneous linear equations in two variables using elimination method; applying to real-life problems",false
Jss 3,Calvary Term,6,General Mathematics,"Simultaneous Equations: Substitution Method",12-13,"Solving simultaneous linear equations using substitution method; applying to practical real-life situations",false
Jss 3,Calvary Term,7,General Mathematics,"Similar Shapes and Enlargement",12-13,"Identifying similar triangles, rectangles, squares, cubes, cuboids; understanding scale factors and enlarging figures",false
Jss 3,Calvary Term,8,General Mathematics,"Lengths, Areas and Volumes of Similar Figures",12-13,"Understanding ratio relationships: if lengths are 1:k, then areas are 1:k² and volumes are 1:k³ for similar figures",false
Jss 3,Calvary Term,9,General Mathematics,"Introduction to Trigonometry",12-13,"Learning sine, cosine, and tangent of acute angles as ratios of sides in right-angled triangles",false
Jss 3,Calvary Term,10,General Mathematics,"Applications of Trigonometric Ratios",12-13,"Using trigonometric ratios (sin, cos, tan) to solve practical problems involving distances, heights, and lengths",false
Jss 3,Summer Term,1,General Mathematics,"Area of Triangles and Parallelograms",12-13,"Deriving and using formulas to calculate areas of triangles (½ × base × height) and parallelograms (base × height)",false
Jss 3,Summer Term,2,General Mathematics,"Area of Trapezium and Circles",12-13,"Finding areas of trapeziums using formula ½(a+b)h and circles using πr²; calculating areas of sectors",false
Jss 3,Summer Term,3,General Mathematics,"Word Problems Involving Area",12-13,"Solving real-world problems involving areas of various plane figures; applying area formulas to practical situations",false
Jss 3,Summer Term,4,General Mathematics,"Construction of Angles: 30° and 45°",12-13,"Using mathematical instruments (compass, ruler, protractor) to construct angles of 30° and 45° accurately",false
Jss 3,Summer Term,5,General Mathematics,"Copying Angles and Constructing Plane Shapes",12-13,"Using pair of compasses to copy given angles; constructing simple plane shapes like triangles and quadrilaterals",false
Jss 3,Summer Term,6,General Mathematics,"Measures of Central Tendency: Mean, Median, Mode",12-13,"Calculating mean (average), median (middle value), and mode (most frequent value) for ungrouped data sets",false
Jss 3,Summer Term,7,General Mathematics,"Range and Applications of Central Tendency",12-13,"Finding range (difference between highest and lowest values); using mean, median, mode to analyze data",false
Jss 3,Summer Term,8,General Mathematics,"Data Presentation: Pie Charts",12-13,"Representing data using pie charts; calculating angles for sectors and interpreting information from pie charts",false
Jss 3,Summer Term,9,General Mathematics,"Quantitative Reasoning Problems",12-13,"Solving quantitative aptitude problems across topics: binary numbers, proportions, similar shapes, areas, statistics",false
Jss 3,Summer Term,10,General Mathematics,"Integration of Mathematical Concepts",12-13,"Applying learned concepts from algebra, geometry, trigonometry, and statistics to solve comprehensive mathematical problems",false
Jss 3,Noel Term,1,Home Economics,"Consumer Rights and Protection",12-13,"Understanding who a consumer is and learning about the six universal consumer rights including right to safety, information, choice, be heard, redress, and consumer education",false
Jss 3,Noel Term,2,Home Economics,"Consumer Challenges",12-13,"Identifying challenges faced by consumers in the marketplace such as poor quality products, overpricing, false advertising, lack of information, and unfair trade practices",false
Jss 3,Noel Term,3,Home Economics,"Consumer Redress Options and Procedures",12-13,"Learning about different types of redress available to consumers (replacement, refund, repair) and the procedures for seeking redress through appropriate channels and consumer protection agencies",false
Jss 3,Noel Term,4,Home Economics,"Child Development - Meaning and Stages",12-13,"Understanding child development as progressive changes in a child from birth to adolescence, learning the stages: infancy (0-2 years), early childhood (2-6 years), middle childhood (6-12 years), adolescence (12-18 years)",false
Jss 3,Noel Term,5,Home Economics,"Factors Influencing Child Development",12-13,"Exploring factors that affect how children develop including heredity, nutrition, health care, environment, parenting styles, education, socio-economic status, and emotional support",false
Jss 3,Noel Term,6,Home Economics,"Conditions Necessary for Child Development",12-13,"Learning about essential conditions for proper child development including adequate nutrition, safe environment, love and affection, education, healthcare, play and recreation, and social interaction",false
Jss 3,Noel Term,7,Home Economics,"Care of the Child",12-13,"Understanding different types of care required by children including physical care (bathing, feeding, clothing), emotional care (love, security), intellectual care (education, stimulation), and social care (interaction, play)",false
Jss 3,Noel Term,8,Home Economics,"Common Childhood Ailments",12-13,"Identifying and understanding common childhood diseases and health conditions such as measles, chickenpox, malaria, diarrhea, respiratory infections, and their symptoms, prevention, and basic care",false
Jss 3,Noel Term,9,Home Economics,"Immunization for Children",12-13,"Learning about the importance of immunization and the different types required by children according to age including BCG, polio, DPT, hepatitis B, measles, and yellow fever vaccines",false
Jss 3,Noel Term,10,Home Economics,"Textiles - Definition and Basic Terms",12-13,"Understanding what textiles are (materials made from fibers used to make fabrics), learning basic textile terms: fiber (basic unit), yarn (twisted fibers), warp (lengthwise threads), weft (crosswise threads)",false
Jss 3,Calvary Term,1,Home Economics,"Reasons for Studying Textiles and Importance",12-13,"Exploring why we study textiles and their importance in daily life including clothing, home furnishings, protection, cultural expression, economic value, and career opportunities",false
Jss 3,Calvary Term,2,Home Economics,"Natural and Synthetic Fibers",12-13,"Differentiating between natural fibers (cotton, wool, silk, linen from plants and animals) and synthetic fibers (nylon, polyester, acrylic made from chemicals), understanding their properties and characteristics",false
Jss 3,Calvary Term,3,Home Economics,"Properties, Care and Uses of Different Fibers",12-13,"Learning specific properties of natural fibers (absorbent, breathable, biodegradable) and synthetic fibers (durable, wrinkle-resistant, quick-drying), their appropriate uses and proper care methods",false
Jss 3,Calvary Term,4,Home Economics,"Production of Textiles - Weaving",12-13,"Understanding how textiles are produced through weaving process, practical hands-on activity of producing woven table mats using strips of paper or cardboard to learn basic weaving techniques",false
Jss 3,Calvary Term,5,Home Economics,"Laundering of Fabrics",12-13,"Learning proper fabric laundering techniques including sorting clothes, choosing appropriate detergents, washing methods, rinsing, drying, starching, and ironing different types of fabrics",false
Jss 3,Calvary Term,6,Home Economics,"Sewing Machine - Types and Parts",12-13,"Identifying different types of sewing machines (hand-operated, electric, electronic) and learning the parts of a sewing machine including needle, presser foot, bobbin, feed dog, tension disc, and their functions",false
Jss 3,Calvary Term,7,Home Economics,"Choosing and Caring for Sewing Machines",12-13,"Understanding factors to consider when choosing a sewing machine (purpose, budget, features, brand) and learning proper care and maintenance including cleaning, oiling, changing needles, and troubleshooting",false
Jss 3,Calvary Term,8,Home Economics,"Garment Construction Terms and Techniques",12-13,"Learning terms used in garment construction such as facing (fabric finish for edges), hems (folded and sewn edge), openings (zippers, buttons), fastenings, darts (tapered folds), tucks, and seams",false
Jss 3,Calvary Term,9,Home Economics,"Using Sewing Machine for Garment Construction",12-13,"Practical lessons in operating a sewing machine to make straight and curved stitches, practicing on fabric pieces, and understanding machine settings for different fabrics and stitches",false
Jss 3,Calvary Term,10,Home Economics,"Making Simple Baby Dress",12-13,"Step-by-step practical project of constructing a simple baby dress using a sewing machine, applying learned skills in pattern reading, cutting, stitching, and finishing garments",false
Jss 3,Summer Term,1,Home Economics,"Food Hygiene and Safety - Meaning and Importance",12-13,"Understanding food hygiene as practices that prevent food contamination, learning reasons for healthy food handling including preventing foodborne illnesses, maintaining nutritional value, and ensuring consumer safety",false
Jss 3,Summer Term,2,Home Economics,"Hygienic Food Handling Methods",12-13,"Learning safe ways to handle food including washing hands before cooking, keeping utensils clean, storing food properly, covering food, separating raw and cooked foods, and cooking food thoroughly",false
Jss 3,Summer Term,3,Home Economics,"Food Contamination and Poisoning",12-13,"Understanding sources of food contamination (bacteria, viruses, chemicals, physical objects) and food poisoning, learning the effects of consuming contaminated food on health and prevention methods",false
Jss 3,Summer Term,4,Home Economics,"Sensory Signs of Food Spoilage",12-13,"Identifying spoilage signs using senses: sight (mold, discoloration), smell (off odors, sour smell), taste (unusual flavors), texture (sliminess, softness), and understanding causative micro-organisms like bacteria, molds, and yeasts",false
Jss 3,Summer Term,5,Home Economics,"Snacks versus Main Meals",12-13,"Understanding the differences between snacks (small portions eaten between meals) and main meals (substantial portions eaten at regular times), their nutritional roles and appropriate timing in daily diet",false
Jss 3,Summer Term,6,Home Economics,"Preparation of Snacks and Drinks",12-13,"Learning to prepare common snacks and drinks such as meat pies, puff-puff, chin-chin, samosa, zobo drink, and fruit juices, understanding recipes, ingredients, and proper food preparation techniques",false
Jss 3,Summer Term,7,Home Economics,"Food Packaging and Presentation",12-13,"Learning how to properly package prepared food items for storage, sale, or gifting using appropriate materials like picnic boxes, cellophane bags, plastic containers, ensuring food safety and attractive presentation",false
Jss 3,Summer Term,8,Home Economics,"Marketing Principles for Food Items",12-13,"Understanding basic marketing principles including identifying target customers, pricing strategies, product quality, packaging appeal, hygiene standards, advertising, and customer service for selling food products",false
Jss 3,Summer Term,9,Home Economics,"Duties of Food Sellers and Providers",12-13,"Learning the responsibilities of food sellers and providers for public consumption including maintaining hygiene, providing quality food, honest pricing, proper labeling, following food safety regulations, and customer care",false
Jss 3,Summer Term,10,Home Economics,"Responsible Food Management and Safety Regulations",12-13,"Understanding responsibilities of food safety managers to consumers, differentiating between hygienic and unhygienic food handling methods, learning about NAFDAC regulations and the effects of poor food management on public health",false
Jss 3,Noel Term,1,Physical and Health Education,"Physical Fitness: Benefits and Factors",12-13,"Understanding benefits of physical fitness (health, strength, endurance) and factors influencing it (exercise, nutrition, rest)",false
Jss 3,Noel Term,2,Physical and Health Education,"Body Conditioning Programmes",12-13,"Learning structured exercises and training programs to improve physical fitness and overall body conditioning",false
Jss 3,Noel Term,3,Physical and Health Education,"Pre-Colonial Traditional Dances",12-13,"Exploring Nigerian folk dances: Atilogwu (Igbo), Bata (Yoruba), Sharo (Fulani), Langa (Hausa); costumes and steps",false
Jss 3,Noel Term,4,Physical and Health Education,"Social and Modern Dances",12-13,"Learning foreign and modern dances: reggae, disco, highlife, rumba, classical; differentiating dance styles",false
Jss 3,Noel Term,5,Physical and Health Education,"Computer Games and Recreation",12-13,"Understanding computer games (tennis, cricket, soccer), their values, and using computers for recreational gaming",false
Jss 3,Noel Term,6,Physical and Health Education,"Track and Field: Pole Vault",12-13,"Learning pole vault skills: grip, run-up, pole carrying, take-off, hang, swing up, bar clearance, landing",false
Jss 3,Noel Term,7,Physical and Health Education,"Track and Field: Javelin",12-13,"Practicing basic javelin skills: grip, carriage, run-up, release, follow-through, recovery; drawing javelin sectors",false
Jss 3,Noel Term,8,Physical and Health Education,"Ball Games: Hockey Skills and Techniques",12-13,"Learning hockey basic skills: hit, stop, drive, dribble, pass, flick, push, bully/centre pass",false
Jss 3,Noel Term,9,Physical and Health Education,"Hockey: Rules, Officials and Safety",12-13,"Understanding hockey rules, safety regulations, officials and their duties; drawing and labeling hockey pitch",false
Jss 3,Noel Term,10,Physical and Health Education,"Group/Combined Events: Pentathlon",12-13,"Understanding pentathlon events, competition duration, scoring, facilities, equipment, and safety rules",false
Jss 3,Calvary Term,1,Physical and Health Education,"Group/Combined Events: Decathlon",12-13,"Learning decathlon events, differences from pentathlon, competition format, scoring system, and safety measures",false
Jss 3,Calvary Term,2,Physical and Health Education,"Nigerian Sports Heroes and Their Contributions",12-13,"Studying pre-colonial and post-colonial sports heroes like Jerry Enyeazu, Falilat Ogunkoya, Mary Onyali",false
Jss 3,Calvary Term,3,Physical and Health Education,"Career Guidance in Physical Education",12-13,"Exploring career opportunities in physical education: teaching, coaching, sports management, sports medicine",false
Jss 3,Calvary Term,4,Physical and Health Education,"Contact Games: Taekwondo",12-13,"Learning taekwondo basic techniques, importance, safety rules, regulations, and officiating in martial arts",false
Jss 3,Calvary Term,5,Physical and Health Education,"Contact Games: Boxing",12-13,"Understanding boxing basic techniques, safety rules, regulations, officials and their duties in boxing matches",false
Jss 3,Calvary Term,6,Physical and Health Education,"Non-Contact Games: Swimming Strokes",12-13,"Learning basic swimming styles: crawl, breaststroke, backstroke, butterfly; swimming equipment and competitions",false
Jss 3,Calvary Term,7,Physical and Health Education,"Non-Contact Games: Gymnastics",12-13,"Practicing floor activities, stunts and tumbling: forward roll, headstand, crab walk, cartwheel, frog jump",false
Jss 3,Calvary Term,8,Physical and Health Education,"Classification and Values of Floor Activities",12-13,"Understanding gymnastics classifications, values of floor activities, officials and safety rules in non-contact games",false
Jss 3,Calvary Term,9,Physical and Health Education,"Family Life: Types and Duties",12-13,"Understanding types of families (nuclear, extended), duties of family members, and family relationships",false
Jss 3,Calvary Term,10,Physical and Health Education,"Puberty and Teenage Pregnancy",12-13,"Learning about puberty in boys and girls, consequences of teenage pregnancy, assertiveness and communication skills",false
Jss 3,Summer Term,1,Physical and Health Education,"Sports and Health Promotion Agencies",12-13,"Understanding roles of NAPHER.SD, Nigeria Institute of Sports, sports associations, Ministry of Health, NAFDAC, WHO",false
Jss 3,Summer Term,2,Physical and Health Education,"Aging, Death and Life Enhancement",12-13,"Understanding aging process, death, life-enhancing measures (exercise, nutrition, rest), supporting dying and grieving persons",false
Jss 3,Summer Term,3,Physical and Health Education,"Drug Use, Misuse and Abuse",12-13,"Differentiating between drug use, misuse, and abuse; understanding categories: prescription, non-prescription, gateway drugs",false
Jss 3,Summer Term,4,Physical and Health Education,"Health Consequences and Prevention of Drug Abuse",12-13,"Learning health consequences of drug abuse and ways to prevent drug misuse and abuse among young people",false
Jss 3,Summer Term,5,Physical and Health Education,"Communicable Diseases: Nature and Transmission",12-13,"Understanding nature of communicable diseases (measles, mumps, malaria, pneumonia), modes of transmission, causative agents",false
Jss 3,Summer Term,6,Physical and Health Education,"Prevention of Communicable Diseases",12-13,"Learning preventive measures for communicable diseases: sanitation, immunization, education, hygiene practices",false
Jss 3,Summer Term,7,Physical and Health Education,"Non-Communicable Diseases",12-13,"Understanding nature of non-communicable diseases (sickle cell, obesity, kwashiorkor), prevention and management",false
Jss 3,Summer Term,8,Physical and Health Education,"Disease Vectors and Control Measures",12-13,"Identifying disease vectors (mosquitoes, houseflies), drawing life cycles, understanding control: drainage, insecticides, oil spraying",false
Jss 3,Summer Term,9,Physical and Health Education,"STIs, HIV/AIDS: Transmission and Prevention",12-13,"Understanding sexually transmitted infections, HIV/AIDS, causes, modes of transmission, consequences, and prevention methods",false
Jss 3,Summer Term,10,Physical and Health Education,"Disease Prevention and Family Health",12-13,"Integrating disease prevention strategies: sanitation, education, immunization, choice of life partner for family health",false
Jss 3,Noel Term,1,Social Studies,"Contents of Social Studies",12-13,"Understanding the meaning and components of social studies: facts, concepts, generalizations, skills, values, and attitudes",false
Jss 3,Noel Term,2,Social Studies,"Cognitive, Affective and Psychomotor Contents",12-13,"Exploring the three domains of learning in social studies: thinking skills, emotional development, and physical skills",false
Jss 3,Noel Term,3,Social Studies,"Extended Family Members",12-13,"Identifying members of extended family including grandparents, uncles, aunties, cousins, nephews, and nieces",false
Jss 3,Noel Term,4,Social Studies,"Roles of Extended Family in Child Development",12-13,"Understanding how extended family acts as agents of socialization and supports nuclear family members",false
Jss 3,Noel Term,5,Social Studies,"Human Trafficking: Meaning and Factors",12-13,"Understanding recruitment, transportation, and transfer of persons across borders for exploitation; examining causes like poverty and false promises",false
Jss 3,Noel Term,6,Social Studies,"Consequences of Human Trafficking",12-13,"Analyzing the social impact including loss of human resources, life of crime, sexual violence, and weakened family ties",false
Jss 3,Noel Term,7,Social Studies,"Preventing Human Trafficking",12-13,"Exploring preventive measures through awareness raising, education, advocacy, and legislation",false
Jss 3,Noel Term,8,Social Studies,"Harmful Traditional Practices",12-13,"Understanding practices that bring physical, mental, and social dangers like child labor, female circumcision, and early marriage",false
Jss 3,Noel Term,9,Social Studies,"Consequences of Harmful Traditional Practices",12-13,"Examining problems at childbirth, exploitation of children, deprivation of schooling, and VVF (Vesicovaginal Fistula)",false
Jss 3,Noel Term,10,Social Studies,"Preventing Harmful Traditional Practices",12-13,"Learning about public enlightenment and measures to eradicate harmful practices in Nigerian communities",false
Jss 3,Calvary Term,1,Social Studies,"Peace: Meaning and Types",12-13,"Understanding peace as cordial living among people; differentiating between positive peace and negative/uneasy peace",false
Jss 3,Calvary Term,2,Social Studies,"Importance of Peace",12-13,"Exploring benefits of peace including lack of violent conflict, progress and development, happiness, and reduced stress",false
Jss 3,Calvary Term,3,Social Studies,"Promoting Peaceful Living in Society",12-13,"Learning ways to promote peace through tolerance, social justice, respect for human rights, and conflict prevention",false
Jss 3,Calvary Term,4,Social Studies,"Social Conflicts: Meaning and Types",12-13,"Understanding conflict as interpersonal misunderstanding; distinguishing between non-violent and violent conflicts",false
Jss 3,Calvary Term,5,Social Studies,"Examples and Causes of Conflicts",12-13,"Examining inter-ethnic conflicts (Urhobo/Itsekiri, Kataf/Hausa) and communal conflicts (Ife/Modakeke, Aguleri/Umuleri)",false
Jss 3,Calvary Term,6,Social Studies,"Consequences of Conflicts",12-13,"Understanding the destructive effects of violent conflicts on individuals, communities, and national development",false
Jss 3,Calvary Term,7,Social Studies,"Conflict Management and Resolution",12-13,"Learning non-violent methods like dialogue, compromise, arbitration, mediation, and court rulings",false
Jss 3,Calvary Term,8,Social Studies,"Attributes for Conflict Resolution",12-13,"Developing mutual understanding, respect for rule of law, tolerance, self-control, and respect for opposing views",false
Jss 3,Calvary Term,9,Social Studies,"Cultism: Meaning and Causes",12-13,"Understanding cultism and its causes including peer pressure, poor leadership, drug abuse, and exposure to foreign values",false
Jss 3,Calvary Term,10,Social Studies,"Consequences and Solutions to Cultism",12-13,"Examining violence, moral decadence, criminal tendencies; proposing solutions to prevent cultism in Nigeria",false
Jss 3,Summer Term,1,Social Studies,"Drug Trafficking: Meaning and Reasons",12-13,"Understanding illegal drug trade and reasons including poverty, ignorance, and greed that drive people to trafficking",false
Jss 3,Summer Term,2,Social Studies,"Consequences of Drug Trafficking",12-13,"Examining bad image for country, imprisonment, death penalty, and forfeiture of assets as consequences",false
Jss 3,Summer Term,3,Social Studies,"Preventing Drug Trafficking",12-13,"Learning prevention through education, poverty alleviation, legislation, and international cooperation; role of NDLEA",false
Jss 3,Summer Term,4,Social Studies,"Social Studies and Nation Building",12-13,"Understanding how social studies knowledge contributes to building a better Nigerian society and good citizenship",false
Jss 3,Summer Term,5,Social Studies,"Human Rights and Social Justice",12-13,"Exploring fundamental human rights and the importance of social justice in promoting peaceful coexistence",false
Jss 3,Summer Term,6,Social Studies,"Family Values and Child Protection",12-13,"Integrating lessons on extended family roles, child protection from trafficking, and harmful traditional practices",false
Jss 3,Summer Term,7,Social Studies,"Cultural Preservation and Modernization",12-13,"Balancing respect for positive cultural practices while eliminating harmful traditions in Nigerian communities",false
Jss 3,Summer Term,8,Social Studies,"Youth and Social Problems",12-13,"Comprehensive review of social issues affecting youth: cultism, drug abuse, trafficking, and peer pressure",false
Jss 3,Summer Term,9,Social Studies,"Building a Peaceful Nigeria",12-13,"Applying conflict resolution skills, tolerance, and peaceful living principles to achieve national unity and development",false
Jss 3,Summer Term,10,Social Studies,"Citizens' Responsibility in Social Development",12-13,"Understanding individual and collective roles in combating social problems and promoting national progress",false
Jss 3,Noel Term,1,Yoruba Language,"Akaye - Kika ati Oye Akaye",12-13,"Reading comprehension passages on contemporary social issues like drug abuse, religious conflicts, road safety, women and children's rights, with focus on understanding content and answering questions",false
Jss 3,Noel Term,2,Yoruba Language,"Akaye - Akanlọ Ede ati Koko Oro",12-13,"Identifying and explaining idiomatic expressions, literary devices, and main themes within comprehension passages to deepen understanding of Yoruba language usage",false
Jss 3,Noel Term,3,Yoruba Language,"Onka - Egbaa si Egbaawaa (2,000 - 20,000)",12-13,"Learning to read and write numbers in Yoruba from 2,000 to 20,000, understanding the pattern of Egbaa (2,000), Egbaaji (4,000), Egbaata (6,000), and converting between figures and words",false
Jss 3,Noel Term,4,Yoruba Language,"Onka - Kika Onka Aarin (Numbers In Between)",12-13,"Reading and writing numbers between thousands in Yoruba, such as 4,020 (okoo le legbaaji) and 5,080 (orin le leedegbaata), mastering intermediate number expressions",false
Jss 3,Noel Term,5,Yoruba Language,"Akoto Yoruba - Ipinnu JCC 1974",12-13,"Understanding the 1974 Joint Consultative Committee (JCC) decision on Yoruba orthography including vowels (faweli), consonants (konsonanti), tone marks (ami ohun), and syllabication (ipinro)",false
Jss 3,Noel Term,6,Yoruba Language,"Ise Oruko ati Aropo Oruko - Oluwa",12-13,"Understanding the function of nouns and pronouns as subject (Oluwa) in sentences, identifying how they initiate actions and form the basis of Yoruba sentence structure",false
Jss 3,Noel Term,7,Yoruba Language,"Ise Oruko ati Aropo Oruko - Abo",12-13,"Learning about nouns and pronouns functioning as objects in sentences, including direct object (Abo fun oro ise) and indirect object (Abo fun oro atokun)",false
Jss 3,Noel Term,8,Yoruba Language,"Ise Oruko ati Aropo Oruko - Eyan",12-13,"Understanding how nouns and pronouns function as complements (Eyan) in sentences, replacing other nouns to complete meaning and maintain grammatical structure",false
Jss 3,Noel Term,9,Yoruba Language,"Gbolohun - Identifying Nouns and Pronouns",12-13,"Practical exercises in identifying and underlining nouns and pronouns serving different grammatical functions (subject, object, complement) within various sentence structures",false
Jss 3,Noel Term,10,Yoruba Language,"Ere Onitan - Ibudo ati Ahunpo",12-13,"Studying selected Yoruba historical plays, analyzing plot structure (ibudo), sequence of events (ahunpo), and how the story unfolds from beginning to end",false
Jss 3,Calvary Term,1,Yoruba Language,"Ere Onitan - Asa to Suyo ati Koko Oro",12-13,"Analyzing cultural values (asa to suyo) embedded in historical plays and identifying major themes (koko oro) that relate to contemporary society",false
Jss 3,Calvary Term,2,Yoruba Language,"Ere Onitan - Eda Itan ati Ifiwaweda",12-13,"Studying characters (eda itan) in historical plays, analyzing their characterization (ifiwaweda), roles, and relationships within the dramatic narrative",false
Jss 3,Calvary Term,3,Yoruba Language,"Ere Onitan - Ilo Ede ati Isere",12-13,"Understanding language use (ilo ede) in plays, learning moral lessons (eko), and participating in dramatic performances (isere) to bring characters to life",false
Jss 3,Calvary Term,4,Yoruba Language,"Asayan Ewi - Kika ati Oye",12-13,"Reading and understanding selected Yoruba poems on contemporary themes like gender equality, women's issues, economic systems, religious/cultural tolerance, and youth lifestyle challenges",false
Jss 3,Calvary Term,5,Yoruba Language,"Asayan Ewi - Ona-ede ati Isowolo Ede",12-13,"Identifying and analyzing poetic devices (ona-ede) and figurative language (isowolo ede) used in Yoruba poetry to enhance meaning and artistic expression",false
Jss 3,Calvary Term,6,Yoruba Language,"Asayan Ewi - Koko Oro ati Eko",12-13,"Extracting themes (koko oro) and moral lessons (eko) from poems, relating poetic messages to real-life situations and contemporary societal issues",false
Jss 3,Calvary Term,7,Yoruba Language,"Itan Aroso - Ibudo, Ahunpo ati Asa",12-13,"Studying selected Yoruba prose fiction, analyzing setting (ibudo), plot development (ahunpo), and cultural practices (asa) reflected in the narrative",false
Jss 3,Calvary Term,8,Yoruba Language,"Itan Aroso - Eda Itan ati Ifiwaweda",12-13,"Analyzing characters (eda itan) in prose fiction, their characterization (ifiwaweda), personality traits, and roles in advancing the story's themes",false
Jss 3,Calvary Term,9,Yoruba Language,"Itan Aroso - Koko Oro ati Ona-ede",12-13,"Identifying main themes (koko oro) in prose narratives and analyzing stylistic devices (ona-ede) and language techniques (isowolo ede) used by the author",false
Jss 3,Calvary Term,10,Yoruba Language,"Itan Aroso - Afiwe Isele ati Oju Aye",12-13,"Comparing events in fictional narratives with real-life situations, understanding how literature reflects and comments on contemporary societal issues",false
Jss 3,Summer Term,1,Yoruba Language,"Iwa Ika si Omolakeji - Latijo",12-13,"Understanding traditional forms of cruelty and wickedness against fellow humans in ancient times including slavery (ikonileru), human sacrifice (fifi eniyan rubo), and other injustices",false
Jss 3,Summer Term,2,Yoruba Language,"Iwa Ika si Omolakeji - Lode Oni",12-13,"Examining contemporary forms of cruelty including kidnapping (jijinigbe), murder (ipaniyan), child labor (lilo omo nilokulo), fraud (ifomosowo), and domestic violence (lilu aya)",false
Jss 3,Summer Term,3,Yoruba Language,"Didekun Iwa Ika - Ona Abojuto",12-13,"Learning ways to prevent and stop wickedness in society through peace promotion (gbigba alaafia laaye), empathy (fifi ara-eni si ipo omolakeji), and appropriate legal punishment (agbofinro)",false
Jss 3,Summer Term,4,Yoruba Language,"Esin Ibile - Ohun Mimo",12-13,"Understanding Yoruba traditional religious beliefs about sacred objects (ohun mimo) such as white cloth (aso funfun), white chalk (efun), white calabash (igba funfun), snails (igbin), and sacred water (omi ajipon)",false
Jss 3,Summer Term,5,Yoruba Language,"Esin Ibile - Eewo Orisa ati Iwa Mimo",12-13,"Learning about taboos (eewo) associated with deities (orisa) and moral values like truthfulness (otito) and justice (ododo) in Yoruba traditional religion, comparing with other religions",false
Jss 3,Summer Term,6,Yoruba Language,"Owo Sise - Oriki ati Pataki",12-13,"Understanding the meaning and importance of work (owo sise) in Yoruba society, learning praise poetry for various occupations (oriki owo sise) and why work is valued",false
Jss 3,Summer Term,7,Yoruba Language,"Owo Sise - Orisirisi Owo ati Ipolowo",12-13,"Identifying various traditional and modern occupations among the Yoruba people and understanding marketing strategies (ipolowo oja) used in Yoruba business culture",false
Jss 3,Summer Term,8,Yoruba Language,"Owo Sise - Dinku Airisese Odo",12-13,"Understanding how engaging in productive work can reduce youth unemployment (airisese odo) and the positive impact of entrepreneurship on society",false
Jss 3,Summer Term,9,Yoruba Language,"Itoju Alaboyun - Igbagbo ati Asiko",12-13,"Understanding Yoruba beliefs about fertility, pregnancy (oyun), child-bearing including concepts like agan (barrenness), abiku (spirit children), blood genotype compatibility, and appropriate age for pregnancy",false
Jss 3,Summer Term,10,Yoruba Language,"Aroko - Ibanisorọ Atijo ati Ode Oni",12-13,"Learning about traditional Yoruba messaging system (aroko) as ancient communication method, types of aroko (aale, aga, itufu), symbolic objects used (owo eyo, ikarahun igbin, iye) and modern equivalents",false
Year 1,Noel Term,1,Agricultural Science,"Introduction to agriculture -- meaning , types and importance",5-6,"",false
Year 1,Noel Term,2,Agricultural Science,"Simple farm tools -- meaning and examples",5-6,"",false
Year 1,Noel Term,3,Agricultural Science,"Simple farm tools -- uses and maintenance",5-6,"",false
Year 1,Noel Term,4,Agricultural Science,"Crops -- meaning and classes",5-6,"",false
Year 1,Noel Term,5,Agricultural Science,"Vegetable crop -- meaning , examples and uses",5-6,"",false
Year 1,Noel Term,6,Agricultural Science,"Grain crops -- meaning , examples and uses",5-6,"",false
Year 1,Noel Term,7,Agricultural Science,"Tuber crops -- meaning , examples and uses",5-6,"",false
Year 1,Noel Term,8,Agricultural Science,"Ornamental crops -- meaning , examples and uses",5-6,"",false
Year 1,Noel Term,9,Agricultural Science,"Forestry -- meaning of forest and forestry, forest resources, importance of forest",5-6,"",false
Year 1,Noel Term,1,Basic Science,"Exploring the environment: things in the classroom, schools and home",5-6,"",false
Year 1,Noel Term,2,Basic Science,"Sense organs: meaning, types and functions",5-6,"",false
Year 1,Noel Term,3,Basic Science,"Water: meaning, sources and uses",5-6,"",false
Year 1,Noel Term,4,Basic Science,"Living and non-living: Definition and examples (Introduction",5-6,"",false
Year 1,Noel Term,5,Basic Science,"Soil: meaning, types, uses and importance",5-6,"",false
Year 1,Noel Term,6,Basic Science,"Energy: meaning, sources, uses",5-6,"",false
Year 1,Noel Term,7,Basic Science,"Colors: meaning, types and uses Rainbow: meaning, colors of the rainbow Road traffic, colours of object, road marking",5-6,"",false
Year 1,Noel Term,8,Basic Science,"Air: meaning, properties and importance",5-6,"",false
Year 1,Noel Term,9,Basic Science,"Simple machines: meaning, types and functions",5-6,"",false
Year 1,Noel Term,1,Christian Religious Knowledge,"God the creator: who is God? (John4:24) (a) The creator of all things (b) The creator of human being (c) Things God created: sun, moon, stars, planets, animals and human (d) God create human being and things to fear and respect Him, to love and respect our parents (Gen 1:26-28, Rev 4-11) (e) Why God created all things: for His glory, honour, to serve Him, worship Him and to reproduce",5-6,"",false
Year 1,Noel Term,2,Christian Religious Knowledge,"Things that were created by man: (a) Golden image, toys, cars, table etc. (b) Car, airplane, phone, etc",5-6,"",false
Year 1,Noel Term,3,Christian Religious Knowledge,"God's Goodness: (a) The provider of all things [ Gen 9:1-8, 1:4-30] (b) The helper [1 king 17:1-7, Num 11:31, Gen 2:7] (c) The giver of family [ Gen 1: 26-28, 7:18-25]",5-6,"",false
Year 1,Noel Term,4,Christian Religious Knowledge,"Using God's gift of sight and hearing [ 1 Sam 3:4-10, Mark 10:46-52, Luke 18:35-40]",5-6,"",false
Year 1,Noel Term,5,Christian Religious Knowledge,"Holy spirit: (a) All powerful ( John 4: 26) (b) Knowing about holy spirit (Holy spirit)",5-6,"",false
Year 1,Noel Term,6,Christian Religious Knowledge,"Ways of protection: By God, our parents and government. (a) By praying and studying the word of God (b) Memorize the word of God (c) The blood of Jesus",5-6,"",false
Year 1,Noel Term,7,Christian Religious Knowledge,"The birth of Jesus : (a) The forecast of Jesus' birth (b) The father of Jesus (c) The Angel appearing to Mary ( Luke 1:26-28)",5-6,"",false
Year 1,Noel Term,8,Christian Religious Knowledge,"The birth of Jesus: (a) How Jesus was born (b) Where Jesus was born ( John 3:16) (c) Why Jesus was born; ways in which God protected Jesus ( Luke 2:1-7, Matthew 2:1-6)",5-6,"",false
Year 1,Noel Term,9,Christian Religious Knowledge,"The significance of Christmas: (a) His purpose of coming (b) The remembrance of Jesus birth",5-6,"",false
Year 1,Noel Term,1,Citizenship,"Civic education: meaning, importance and roles in national development",5-6,"",false
Year 1,Noel Term,2,Citizenship,"Citizenship Education: meaning of citizen and citizenship and ways one can be a citizen",5-6,"",false
Year 1,Noel Term,3,Citizenship,"Civic duties: duties and responsibilities of citizens",5-6,"",false
Year 1,Noel Term,4,Citizenship,"Fundamental rights of citizens",5-6,"",false
Year 1,Noel Term,5,Citizenship,"Law: meaning, types and importance",5-6,"",false
Year 1,Noel Term,6,Citizenship,"Tax: meaning, types and importance",5-6,"",false
Year 1,Noel Term,7,Citizenship,"Family ( responsibilities and duties of members of the family)",5-6,"",false
Year 1,Noel Term,8,Citizenship,"Dealing with strangers: who is a stranger? How to deal with strangers",5-6,"",false
Year 1,Noel Term,9,Citizenship,"Community: meaning, types, rules and cooperation in the community",5-6,"",false
Year 1,Noel Term,1,Computer Studies,"Basic fact about computer: meaning and types",5-6,"",false
Year 1,Noel Term,2,Computer Studies,"Uses of a computer",5-6,"",false
Year 1,Noel Term,3,Computer Studies,"Parts of computer",5-6,"",false
Year 1,Noel Term,4,Computer Studies,"Care of each parts of a computer",5-6,"",false
Year 1,Noel Term,5,Computer Studies,"The keyboard: features and uses",5-6,"",false
Year 1,Noel Term,6,Computer Studies,"The mouse: features and uses",5-6,"",false
Year 1,Noel Term,7,Computer Studies,"The monitor: features and uses",5-6,"",false
Year 1,Noel Term,8,Computer Studies,"Input and output devices: meaning, examples and identification",5-6,"",false
Year 1,Noel Term,9,Computer Studies,"Information technology: meaning and importance",5-6,"",false
Year 1,Noel Term,1,Creative Writing,"My summer holiday",5-6,"",false
Year 1,Noel Term,2,Creative Writing,"Number poems",5-6,"",false
Year 1,Noel Term,3,Creative Writing,"A patterned story -- My self",5-6,"",false
Year 1,Noel Term,4,Creative Writing,"Giving Instructions -- How to fry eggs",5-6,"",false
Year 1,Noel Term,5,Creative Writing,"My best friend",5-6,"",false
Year 1,Noel Term,6,Creative Writing,"My teacher",5-6,"",false
Year 1,Noel Term,7,Creative Writing,"A day in the beach",5-6,"",false
